Date,Min01,Max01,Max03,Mod04,Sum06,Min11,Max11,Min12,Max12,Min14A,Max14A,Avg14A,Min14B,Max14B,Avg14B,Min14C,Max14C,Avg14C,Min14D,Max14D,Avg14D,Min14E,Max14E,Avg14E,Min14F,Max14F,Avg14F,Min14G,Max14G,Avg14G
,43075147,43075147,43075147,43075147,43075147,43075147,43075147,43075147,43075147,43195352,43195352,43195352,43242617,43242617,43242617,43193308,43193308,43193308,43193508,43193508,43193508,43243517,43243517,43243517,43193808,43193808,43193808,43194553,43194553,43194553
2020-06-01,0,10.72,19.26,285,0,16.23,33.38,23.74,51.12,-254.1,-253.8,-253.9,-62.4,-21.8,-38,-8.5,1.1,-2.9,-254.3,-254.2,-254.3,-129.5,-0.1,-9.5,-47.5,-15.7,-28.6,nan,nan,nan
2020-06-02,0,18.7,32.51,276,0,17.14,33.94,19.26,50.22,-253.9,254.3,-217.1,-133.1,-8.8,-41.4,-18.7,4.4,-3.4,-254.4,253.7,-218.3,-139.7,191.2,-3.6,-137.1,-10.9,-32.9,nan,nan,nan
2020-06-03,0,12.46,25.28,173,0,17.17,29.24,28.71,48.7,-253.9,-253.8,-253.9,-54.5,-19.5,-36.6,-12,3.4,-2.9,-254.4,-254.2,-254.3,-20.3,0,-9.5,-49.8,-13.5,-28.4,nan,nan,nan
2020-06-04,0,16.38,28.9,282,0,15.71,29.55,20.85,48.09,-253.9,-253.8,-253.9,-65.1,-17.4,-35.9,-9.3,7,-1.5,-254.3,-254.2,-254.3,-139.2,-0.1,-11,-49.5,-8.8,-26.7,nan,nan,nan
2020-06-05,0,14.7,25.28,159,0,11.39,33.81,21.76,48.99,-254,254.3,-232.4,-103.7,-11,-36.5,-3.3,8.1,-1,-254.3,253.8,-233.5,-127.5,66.9,-7.9,-125,3.1,-29.1,nan,nan,nan
2020-06-06,0,13.33,25.28,232,0,14.93,29.99,25.51,47.47,-253.9,254.3,-187.3,-126.8,3.6,-40.3,-15.5,6.2,-1.8,-254.3,253.7,-188.8,-18.6,66.2,-3.6,-136.6,-10.5,-35.7,nan,nan,nan
2020-06-07,0.13,18.52,37.32,301,0,14.93,26.17,23.63,46.79,-254,-253.9,-253.9,-44.9,-33.5,-39.1,-4,1.1,-1.5,-254.3,-254.2,-254.3,-19.5,0,-11.7,-35.9,-19.8,-29.8,nan,nan,nan
2020-06-08,0,20.86,37.32,312,0,9.94,29.72,18.43,48.38,-253.9,254.3,-242.6,-77.2,-3.4,-32.5,-12.8,13.4,0.9,-254.4,253.7,-241.8,-130.7,131.3,-10.3,-84.2,1.5,-26.9,nan,nan,nan
2020-06-09,0,13.42,24.08,288,0,10.01,31.55,20.65,48.11,-253.9,254.3,-221.5,-121.1,-6.1,-32.3,-27.6,10.1,0.9,-254.3,253.7,-220.8,-17,158.2,-5.2,-134.1,1.5,-28,nan,nan,nan
2020-06-10,0,18.41,31.3,204,0,10.42,32.57,21.24,48.34,-254,-253.8,-253.9,-40.3,-28.4,-33.5,-1.6,5.6,1.3,-254.5,-254.2,-254.3,-132,-1,-12.9,-30.2,-14.5,-24.4,nan,nan,nan
2020-06-11,0,16.58,32.51,260,0.8,12.82,24.11,30.91,50.24,-253.9,-253.8,-253.9,-40,-29.6,-34.2,-2.2,2.8,0.7,-254.4,-254.3,-254.3,-17.1,-1.8,-14.4,-31.4,-22,-27.4,nan,nan,nan
2020-06-12,0,18.66,31.3,223,1.4,14.43,24.84,28.22,49.85,-254,176.1,-245,-54,9,-27.6,-5.3,11.8,1.3,-254.4,201.6,-227.2,-19.4,62.5,-7,-67.7,1.1,-26.4,nan,nan,nan
2020-06-13,0,13.56,30.1,223,0.2,12.11,30.8,18.5,50.59,-254,254.3,-250.4,-89.8,-33.8,-39.8,-23.4,1.7,-2.3,-254.5,253.8,-250.9,-19.9,47.5,-13.3,-125.4,-22.2,-32.1,nan,nan,nan
2020-06-14,0,12.19,25.28,276,0,11.26,32.16,21.44,48.44,-254,-253.8,-253.9,-41.3,-34.6,-37.6,-2.9,2.1,-1,-254.3,-254.2,-254.3,-19,-0.1,-14.2,-34.7,-22.1,-29.8,nan,nan,nan
2020-06-15,0,12.58,24.08,295,0.2,12.09,31.71,20.14,48.39,-254,-215,-253.5,-65.7,-2,-34.6,-10.9,8.3,-0.9,-254.4,-163.9,-251,-19.3,25.7,-10.8,-52.3,-4.4,-29.8,nan,nan,nan
2020-06-16,0.82,14.31,27.69,308,0,18.16,27.43,26.12,42.47,-253.9,254.3,-75.3,-99.6,-23.6,-47.3,-23.6,4.8,-3.6,-254.3,253.7,-73.6,-17.6,58.5,10.3,-110.2,-21.6,-50.8,nan,nan,nan
2020-06-17,0,15.52,27.69,37,0,12.5,29.63,20.29,47.73,-253.9,254.3,-141.2,-74.9,-16.5,-38.1,-14.9,7.6,-1.3,-254.3,252.7,-144.3,-19.7,175.2,0.4,-75.8,-12.7,-36.5,nan,nan,nan
2020-06-18,0,17.63,32.51,340,0,11.58,28.74,23.09,48.89,-253.9,246.7,-163.2,-73,-1.1,-34.5,-18,10.8,-0.5,-254.3,221.6,-158.4,-18.8,49,-1.7,-84.5,5.5,-34.5,nan,nan,nan
2020-06-19,0,14.88,26.49,286,0,10.01,28.94,21.77,48.88,-253.9,134.4,-154.1,-66.6,-20.4,-38.2,-10.5,5.2,-1.6,-254.3,128.8,-147.2,-19.6,151.1,0.9,-72.5,-16.7,-36.8,nan,nan,nan
2020-06-20,0,15.17,26.49,276,0,11.71,31.99,20.08,47.49,-253.9,254.3,-244.2,-100.3,-23.9,-39.1,-12.3,2.1,-1.9,-254.3,210,-245.2,-142.5,191.2,-8.9,-101.8,-19.8,-29.1,nan,nan,nan
2020-06-21,0,17.89,28.9,273,0.2,12.85,31.27,25.14,50.86,-254,-253.8,-253.9,-44.3,-35.2,-39.4,-5.8,0.7,-2.4,-254.3,-254.2,-254.3,-128.1,191.2,-7.5,-34,-19.7,-28.2,nan,nan,nan
2020-06-22,0,15.27,25.28,344,0,19.12,35.46,22.74,51.64,-254,175.7,-148.8,-123.5,-18.6,-45.9,-25.8,0.1,-5.2,-254.3,154.9,-146.1,-135.4,191.2,20.2,-116,-11.8,-39.7,nan,nan,nan
2020-06-23,0,12.46,20.47,182,0,19.11,34.55,25.14,49.91,-253.9,254.3,-147.9,-118.9,-24.7,-43.3,-16.2,1.1,-4,-254.3,248.3,-143.3,-127.6,156.3,10.1,-120.3,-17.6,-38.8,nan,nan,nan
2020-06-24,2.01,10.86,19.26,315,0,18.85,24.24,39.05,50.5,-253.9,214.4,-139.5,-125.6,-20.8,-49.2,-29,2,-4.1,-254.4,217,-126,-19.3,61.1,7.4,-137.9,-17.1,-49.9,nan,nan,nan
2020-06-25,0.41,15.19,26.49,306,0.2,18.13,28.87,30.51,51.48,-253.9,254.3,-137.6,-144.9,-23.3,-49.1,-23.9,4.6,-3.9,-254.4,253.7,-123.6,-20.2,59.9,6.4,-165.5,-20.1,-49.8,nan,nan,nan
2020-06-26,0,16.01,25.28,312,0,18.01,30.85,22.46,49.12,-253.9,249.6,-156.2,-115.7,-26.8,-47.7,-14.8,0.9,-3.2,-254.3,244.9,-145.3,-19.6,177.5,10,-124.7,-15.3,-45.2,nan,nan,nan
2020-06-27,0,11.4,20.47,234,0.2,19.43,32.35,28.41,51.78,-253.9,-253.8,-253.9,-43,-37.1,-39.9,-6.9,-0.9,-4.1,-254.3,-254.2,-254.3,-128.6,0,-7.2,-32.6,-21.9,-28.5,nan,nan,nan
2020-06-28,0,19.09,31.3,299,0.2,17.38,32.57,24.72,52.25,-253.9,-253.8,-253.9,-58.1,-34.1,-40.8,-8.6,-0.9,-4.6,-254.3,-254,-254.3,-129.5,191.2,-3.3,-33.1,-18.3,-27.8,nan,nan,nan
2020-06-29,0,15.64,27.69,310,0,17.5,31.39,27.79,52.58,-253.9,211.1,-145.9,-126.2,-23.8,-45.9,-18.5,3.2,-3.8,-254.5,221.6,-139.3,-135,156.2,9.5,-129.4,-13.4,-42,nan,nan,nan
2020-06-30,0,15.59,30.1,108,0,15.1,34.97,22.42,50.78,-253.9,249.7,-155.5,-168.5,-17.5,-44.9,-19.7,3.1,-4,-254.3,247.9,-151.8,-19.1,191.2,23.3,-171.3,-14.1,-40,nan,nan,nan
2020-07-01,0.35,15.77,26.49,315,0,18.1,30.64,28.77,51.8,-253.9,183.1,-151.1,-119.1,-21.9,-46.6,-16.6,2.7,-3.4,-254.4,253.7,-142.3,-19.5,187.1,10.7,-131.8,-14.4,-43.8,nan,nan,nan
2020-07-02,0,19.73,36.12,278,0,14.99,29.09,20.47,49.63,-254,254.3,-111.8,-100.3,-14.1,-42.3,-15.1,10.1,-0.8,-254.3,253.7,-104,-18.9,181.2,8.7,-105.9,-14.4,-42.8,nan,nan,nan
2020-07-03,0,20.56,36.12,52,0,11.38,31.55,20.63,49.07,-253.9,254.3,-151.1,-104.4,-14,-40,-16.5,4.8,-0.6,-254.4,253.7,-141.5,-18.3,191.2,11.6,-103.7,-12.2,-37.7,nan,nan,nan
2020-07-04,0,18.33,30.1,307,0,11.14,33.94,20.87,49.39,-253.9,-253.8,-253.9,-39.8,-15.1,-33.4,-5.1,3.9,0.3,-254.3,-254.2,-254.3,-133.4,191.2,-7.8,-27.8,-11.4,-22,nan,nan,nan
2020-07-05,0,16.15,27.69,202,0,14.65,36.78,16.78,49.5,-253.9,-253.8,-253.9,-56.1,-14.6,-34.9,-7.6,2.1,-1.1,-254.3,-254,-254.3,-255,238.9,13.8,-26.9,-12.4,-21.1,nan,nan,nan
2020-07-06,0,10.93,20.47,246,0,16.78,36.86,18.92,50.82,-253.9,254.2,-154.3,-95,-15.9,-38.4,-14,2.7,-1.6,-254.3,253.7,-155.4,-135,191.2,23.2,-87.4,-10,-30.8,nan,nan,nan
2020-07-07,0.14,11.42,20.47,137,0,16.9,36.69,19.87,50.81,-253.9,203.1,-132.4,-161.5,-19.5,-39.4,-21.7,4.9,-1.1,-254.3,198.4,-124.3,-143.2,191.2,21.9,-156.1,-16.2,-33.6,nan,nan,nan
2020-07-08,0,13.24,26.49,282,0,16.86,34.85,19.98,48.56,-254,228.2,-151.4,-106.4,-12.6,-37.1,-13.4,5.5,0.1,-254.3,188.9,-140.9,-15.6,177.2,8.9,-100.6,-12.1,-30.9,nan,nan,nan
2020-07-09,0,12.84,24.08,282,0,16.56,33.88,24.47,49.11,-253.9,254.3,-142.2,-163.3,-11,-40.3,-20.5,5,-0.4,-254.3,253.7,-129.9,-15.2,191.2,10.6,-165,-5,-35.1,nan,nan,nan
2020-07-10,0,11.79,25.28,359,0,18.73,34.92,22.3,48.72,-253.9,254.2,-159.4,-91.1,-12.2,-39.5,-16.7,2.9,-1.5,-254.3,220.1,-151.5,-135.7,191.2,9.6,-98.8,-17.9,-34.8,nan,nan,nan
2020-07-11,0,19.77,45.75,141,1.6,15.73,37.48,15.94,52.92,-254,-45.7,-251.2,-65.4,-32.4,-40.3,-9.1,-0.2,-3.1,-254.3,-35.5,-251.1,-255,238.9,25.1,-54.6,-17.7,-25.6,nan,nan,nan
2020-07-12,0,11.69,24.08,260,0,20.6,37.14,16.19,52.34,-253.9,-253.8,-253.9,-60.2,-34.6,-40.1,-9.1,0,-3.4,-254.3,-254.2,-254.3,-191.2,191.2,34.9,-28.3,-16.6,-23.5,nan,nan,nan
2020-07-13,0,13.1,22.87,254,0,17.43,37.52,14.65,48.83,-254,254.3,-185.6,-98.6,-11.4,-36.8,-15,1.7,-2.8,-254.3,246.6,-180.7,-191.2,238.9,42.6,-95,-12.7,-29,nan,nan,nan
2020-07-14,0,19.91,40.94,206,0,17.3,35.51,16.62,47.54,-253.9,178,-162.9,-95.5,-15.5,-36.9,-13.7,8.9,-1,-254.3,177,-154.1,-16.8,159.2,18.7,-91.9,-10.6,-31.4,nan,nan,nan
2020-07-15,0,21.62,36.12,234,0,13.8,36.7,10.38,48.05,-253.9,168.8,-191.2,-88,-8,-37.9,-15,3.2,-1.7,-254.4,170.6,-181.3,-133.2,250.9,41.9,-86.1,-13.2,-31.2,nan,nan,nan
2020-07-16,0,14.39,25.28,328,0,16.16,37.6,8.27,45.09,-254,244.7,-175.8,-108.1,-9.8,-43.1,-15.6,129.5,-1.9,-254.4,202.7,-172.2,-191.2,250.9,55.7,-106.2,-10,-34.1,nan,nan,nan
2020-07-17,0,13.4,22.87,225,0,17.77,37.6,8.44,43.52,-253.9,238.8,-193.7,-108.8,-14.7,-42.3,-15.1,2.1,-2.4,-254.3,183.6,-190.7,-191.2,250.9,62.5,-105.6,-13,-30.7,nan,nan,nan
2020-07-18,0,13.49,22.87,138,0,17.24,37.6,8.68,46.97,-253.9,-253.8,-253.9,-59.1,-32.1,-39.5,-8.8,1.5,-2,-254.3,-254.1,-254.3,-191.2,250.9,44.4,-26.8,-16.7,-22.1,nan,nan,nan
2020-07-19,0.98,12.53,24.08,171,0,18.88,35.65,18.88,49.22,-253.9,-253.8,-253.9,-57.1,-32.1,-37,-7.2,1.4,-1.8,-254.3,-254,-254.3,-191.2,250.9,13.7,-25.9,-16.6,-22,nan,nan,nan
2020-07-20,0,11.54,19.26,361,0,18.46,35.26,21.13,50.12,-253.9,239.3,-155.6,-75.7,-10.5,-35.1,-15.6,2.9,-1.7,-254.3,179.5,-150,-142.3,238.9,19.6,-78.1,-10.7,-30.3,nan,nan,nan
2020-07-21,0,17.94,37.32,311,0,18.22,37.25,16.22,50.57,-253.9,254.2,-157.2,-79.5,-9.5,-35.3,-15.1,2.9,-1.8,-254.3,253.7,-146.7,-135.1,191.2,24.7,-79.3,-11.6,-31.1,nan,nan,nan
2020-07-22,0,15.45,24.08,171,0,18.29,36.9,18.32,49.72,-253.9,254.3,-165.2,-115.2,-8.9,-42.3,-14.1,3.3,-2.8,-254.3,253.7,-156.6,-191.2,238.9,33.6,-96.3,-15.2,-35.3,nan,nan,nan
2020-07-23,0,15.1,26.49,228,0,18.3,35.57,22.09,50.58,-253.9,254.2,-120.7,-89.6,-15.9,-39.3,-17.1,3.1,-2.4,-254.4,253.7,-113.4,-15.9,191.2,11.4,-97.2,-10.2,-35.6,nan,nan,nan
2020-07-24,0,18.72,30.1,265,0,18.36,33.96,23.05,49.05,-253.9,254.3,-143.8,-104.1,-13.5,-40.8,-16.4,8.3,-1.1,-254.3,253.7,-136.7,-15.2,177.7,8,-102.2,-9,-37.3,nan,nan,nan
2020-07-25,0,19.43,36.12,278,0,15.59,30.79,26.33,51.05,-254,-253.8,-253.9,-51.6,-16.7,-33.3,-3.7,6,-0.5,-254.3,-254.2,-254.3,-141.7,191.2,-12.6,-27.3,-5.1,-21.7,nan,nan,nan
2020-07-26,0.21,14.83,25.28,309,0,17.86,32.99,26.36,51.89,-253.9,-253.8,-253.9,-52.9,-26.8,-33.6,-5.3,2,-1.4,-254.3,-254.2,-254.3,-142.5,191.2,-7.4,-26.5,-14.1,-21.1,nan,nan,nan
2020-07-27,0,20.74,34.91,255,0.2,13.99,30.85,29.05,52.23,-253.9,195.6,-129.4,-117.4,-7.1,-38.1,-23.2,15.5,-0.6,-254.3,193.8,-113.6,-15.3,177.1,9.5,-122.2,1.1,-35.2,nan,nan,nan
2020-07-28,0,14.83,27.69,318,0,17.97,31.89,26.77,52.75,-253.9,226.7,-143.3,-124.3,-14.9,-41.4,-22.5,5.4,-2.8,-254.3,221.6,-132.6,-129.4,179.2,11.6,-123.9,-12.6,-37.4,nan,nan,nan
2020-07-29,0,11.35,21.67,182,0,18.15,35.83,23.26,51.62,-253.9,88.7,-170.1,-102.6,-18.7,-39.6,-18,3.4,-2,-254.3,97.5,-159.5,-136.2,191.2,19.4,-98.3,-16.8,-33.1,nan,nan,nan
2020-07-30,0,11.28,21.67,277,0,16.61,33.87,25.78,51.87,-253.9,254.3,-149.5,-96.3,-15,-38,-19.3,4.6,-1.4,-254.3,253.7,-130.5,-15.7,191.2,21.5,-97.8,-11.2,-34.3,nan,nan,nan
2020-07-31,0,16.07,27.69,294,0,19.07,33.5,22.56,51.68,-254,254.1,-153.6,-96.9,-14.1,-35.1,-17.9,9.6,0.2,-254.3,247.5,-142.7,-128.5,182.2,14.1,-104.9,-8.8,-32.1,nan,nan,nan
2020-08-01,0,15.95,28.9,318,0,16.97,30.94,28.27,52.59,-253.9,-253.8,-253.9,-34.9,-9.6,-28.5,-3.1,1.8,-0.6,-254.3,-254.2,-254.3,-137.4,248.9,-7.7,-23.7,-10.2,-19.2,nan,nan,nan
2020-08-02,0,19.38,36.12,239,0,14.82,33.19,24.65,51.27,-254,-253.8,-253.9,-48.1,-12.3,-27.9,-3,2.6,0.4,-254.4,-254.2,-254.3,-141.4,191.2,-9,-22.8,-11.6,-18.6,nan,nan,nan
2020-08-03,0,17.31,28.9,299,0,16.87,31.15,21.05,50.92,-253.9,217.3,-139.2,-95.6,-14.7,-33,-19.4,10.3,0.6,-254.3,231.3,-125.5,-16.7,179.2,13.5,-101.9,-14.2,-31.3,nan,nan,nan
2020-08-04,0,16.71,28.9,301,0,18.67,34.91,21.8,51.14,-254,254.3,-177.8,-88.8,-10,-36.1,-19.5,5.1,-0.7,-254.3,253.7,-167.1,-15.6,191.2,19,-86.7,-7.9,-30.3,nan,nan,nan
2020-08-05,0,16.53,27.69,221,0,18.22,34.8,20.28,50.11,-254,170.5,-184,-92.4,-16.4,-35.7,-19.1,2.6,-1.1,-254.3,155.7,-173.7,-15.2,191.2,13.5,-90.5,-9.3,-30,nan,nan,nan
2020-08-06,0,13.03,21.67,248,0,16.11,34.72,23.06,49.79,-253.9,165.2,-175.2,-89.7,-10.9,-35.2,-15.2,6.4,-0.5,-254.3,177.1,-166.7,-133.4,191.2,14.1,-92.9,-5.7,-31.2,nan,nan,nan
2020-08-07,0,13.03,24.08,294,0,19.87,32.78,29.19,51.5,-253.9,254.3,-140.4,-69,-6.8,-33.7,-19.7,4.4,-0.9,-254.3,253.7,-130,-191.2,191.2,14.2,-70.1,-10.6,-30.7,nan,nan,nan
2020-08-08,0,14.21,22.87,139,0,19.85,33.61,26.76,51.87,-253.9,-253.8,-253.9,-38.6,-29.3,-33.6,-4,0.9,-1.4,-254.3,-254.2,-254.3,-141.6,191.2,-13.2,-26.2,-13.8,-21.6,nan,nan,nan
2020-08-09,0,13.55,24.08,259,0,19.24,32.68,26.49,51.44,-253.9,-253.8,-253.9,-49.9,-27.4,-33.4,-3.3,2.6,-1,-254.3,-254.2,-254.3,-15.2,191.2,-11.6,-24.8,-14.2,-21.7,nan,nan,nan
2020-08-10,0,12.22,20.47,66,0.2,19.16,30.09,33.41,53,-253.9,159.5,-157.4,-78.6,-19.4,-35.7,-6.5,5.3,-0.6,-254.4,154.9,-141.4,-15.9,175.6,5.8,-91.3,-14.9,-34.2,nan,nan,nan
2020-08-11,0,22.5,27.69,146,0,20.31,32.4,29,52.08,-254,252.1,-133.7,-100.4,-18.3,-40.3,-19.9,6.2,-1.8,-254.5,248.1,-116.1,-16,249.7,13.6,-108.7,-16,-39.1,nan,nan,nan
2020-08-12,0,19.14,28.9,137,0,17.94,35.12,22.36,51.76,-253.9,80.9,-154.5,-101.8,-18.1,-39.9,-15.8,3.7,-1.3,-254.3,103.6,-143.3,-15.9,159.3,13.1,-95.7,-14.5,-34.9,nan,nan,nan
2020-08-13,0,16.85,28.9,303,0,12.52,31.34,22.46,51.28,-254,254.3,-135.3,-131.2,-16.6,-40.1,-16.6,6.6,-0.4,-254.3,253.7,-125.6,-15.7,191.2,15.3,-137.8,-13,-37.4,nan,nan,nan
2020-08-14,0,14.74,27.69,299,0,15.33,31.15,25.32,51.23,-253.9,200.2,-147.1,-110.7,-14.7,-37.9,-16,11.3,0.1,-254.4,214.6,-138,-15.1,190.7,10.5,-112.5,-10.9,-34.4,nan,nan,nan
2020-08-15,0,15.22,26.49,270,0.2,14.84,31.4,22.94,51.74,-254,-253.8,-253.9,-37,-28.3,-32.2,-1.5,3.3,0,-254.3,-254.2,-254.3,-139.2,-1,-12.7,-27.4,-14,-22,nan,nan,nan
2020-08-16,0,16.11,30.1,276,0.6,13.88,33.53,22.16,52.2,-253.9,-253.8,-253.9,-37.2,-14.4,-32.1,-1.4,4.6,0.6,-254.4,-254.2,-254.3,-15.9,-0.6,-12.6,-27,-14.7,-23,nan,nan,nan
2020-08-17,0,19.5,38.53,189,1.6,21.22,31.23,30.24,55.09,-253.9,156.6,-165.1,-98,-26.2,-39.1,-18.2,5.3,-1.8,-254.3,131.2,-148.5,-17.3,179.2,5.9,-97.1,-18.6,-34.7,nan,nan,nan
2020-08-18,0,14.57,26.49,174,0.6,20.65,32.78,30.58,55.68,-253.9,250.7,-152.4,-104.3,-9.6,-41.4,-22.5,2.3,-2.9,-254.3,242.5,-137.3,-18.2,191.2,18.8,-101.8,-7.8,-36.5,nan,nan,nan
2020-08-19,1.43,20.05,38.53,121,0,21.08,34.26,23.9,51.67,-253.9,149.6,-174.5,-94.3,-5.1,-38,-13.3,5.2,-0.2,-254.3,158,-164.6,-135.7,191.2,14.9,-92.9,-0.9,-31.4,nan,nan,nan
2020-08-20,0,11.16,21.67,86,17,19.35,25.99,47.59,56.47,-253.9,251.4,-154.3,-91.2,-16.8,-39.1,-19.6,2.1,-2.1,-254.3,251.7,-130.9,-17.9,57.5,6.1,-96,-17.2,-37,nan,nan,nan
2020-08-21,0,11.47,25.28,86,0.2,16.49,34.97,29.57,57.24,-254.1,238.8,-143.2,-109.6,-15.5,-41.5,-12.7,6.9,0.2,-254.3,237.1,-129.3,-18.9,158.8,8.6,-111.6,-12.3,-38.5,nan,nan,nan
2020-08-22,0,15.12,27.69,344,0.2,13.91,32.48,22.55,53.72,-254,-253.8,-253.9,-38.4,-15,-33,-0.9,4.4,1.7,-254.4,-254.2,-254.3,-141.1,191.2,-8.9,-28.2,-12.8,-21.9,nan,nan,nan
2020-08-23,0,16,27.69,234,0,17.46,33.88,22.26,52.02,-254,-253.8,-253.9,-50.7,-15.8,-32.9,-0.3,6,2.4,-254.4,-254.1,-254.3,-143.2,191.2,-11.2,-26.3,-12.6,-21.1,nan,nan,nan
2020-08-24,0,11.34,20.47,234,0,15.5,35.79,20.18,51.37,-254,187.5,-152,-104.1,-13.8,-38.6,-11.6,7.1,2.3,-254.3,143.8,-145.6,-15.5,191.2,12.1,-103.6,-8.2,-34.6,nan,nan,nan
2020-08-25,0,16.26,27.69,246,0,13.86,33.23,22.77,51.69,-253.9,237.5,-159.4,-115.2,-11.9,-38.4,-11.8,10.5,1.5,-254.4,205.5,-149.4,-12.7,191.2,24.5,-111.8,-8.9,-35.4,nan,nan,nan
2020-08-26,0,14.32,26.49,330,0,19,34.35,26.47,53.28,-253.9,176.5,-164,-98.3,-15,-38.5,-15.6,6.1,0.6,-254.3,192.7,-149.4,-15.9,191.2,12.5,-95.1,-14.7,-33.7,nan,nan,nan
2020-08-27,0.42,17.64,33.71,310,0.2,20.72,33.89,28.11,54.8,-253.9,182.2,-154.8,-102.8,-20.2,-43.9,-11.4,12.2,0.9,-254.3,178.5,-139.5,-142.4,157.3,9.8,-103.9,-7,-38.7,nan,nan,nan
2020-08-28,1.1,25.66,40.94,315,0.4,17.66,28.07,21.94,54.27,-253.9,242.3,-147.3,-110.4,-18.7,-43.7,-14.3,13.6,2.7,-254.3,243.1,-134.5,-17.1,155.7,7.2,-123.6,-13.8,-39.6,nan,nan,nan
2020-08-29,0,21.08,40.94,329,0,12.06,28.67,23.54,48.72,-254,-253.8,-253.9,-39.2,-27.1,-31,2.7,8,5.2,-254.3,-254.2,-254.3,-130.5,-0.2,-11.3,-27.4,-11.6,-21.5,nan,nan,nan
2020-08-30,0,19.31,34.91,6,0,10.5,31.59,16.07,49.14,-253.9,-253.8,-253.9,-34.5,-13.7,-29.9,2.3,8.9,6,-254.4,-254.2,-254.3,-136.3,0,-10.4,-26.4,-11.7,-20.9,nan,nan,nan
2020-08-31,0,8.72,20.47,278,0,9.75,34.83,10.95,48.55,-253.9,152.1,-207.5,-77.6,-8.8,-31.2,-9.7,11.5,6,-254.3,230.5,-205,-14.2,156.3,-2.1,-82,-14.7,-29.4,nan,nan,nan
2020-09-01,0.35,17.11,33.71,214,0,17.79,30.5,20.16,49.68,-253.9,57.7,-176.2,-82.3,-9,-35.7,-18.4,9,4.7,-254.3,57.8,-154.4,-14.2,147.3,6.9,-84.1,-8.9,-33.3,nan,nan,nan
2020-09-02,0,13.31,24.08,51,0.2,14.37,34.51,16.72,50.75,-253.9,192,-180.5,-94.5,-12.5,-33.6,-19,10.5,4.2,-254.3,203.5,-174.2,-136.5,159.3,6.6,-97.2,-8,-29.7,nan,nan,nan
2020-09-03,0,12.37,21.67,261,0,12.55,37.27,10.3,48.35,-253.9,254.3,-154.6,-80.5,-11.4,-31.4,-13.7,12.9,5.4,-254.3,253.7,-153.3,-14.9,250.6,32.2,-80.6,-9.2,-28.8,nan,nan,nan
2020-09-04,0,13.45,21.67,297,0,12.64,34.9,20.59,49.79,-254,254.3,-144.9,-82.3,-14.4,-31.7,-21,11.1,5.6,-254.3,253.7,-143,-14.1,159.1,12.3,-84,-12.1,-30,nan,nan,nan
2020-09-05,0,11.21,18.06,346,0,17.26,33.9,22.28,51.33,-253.9,-253.8,-253.9,-48.5,-10,-27.3,1.6,7.7,5.2,-254.3,-254.2,-254.3,-136.5,191.2,-7.5,-23.5,-11.6,-18.5,nan,nan,nan
2020-09-06,0,18.54,32.51,202,0,14.83,36.72,14.97,48.39,-253.9,-253.8,-253.9,-34.5,-8.8,-26.3,0.8,129.4,6.8,-254.3,-254,-254.3,-191.2,250.9,6.9,-25.4,-8,-18.2,nan,nan,nan
2020-09-07,0,21.7,37.32,225,0,14.56,33.65,13.48,47.28,-253.9,129.9,-177.4,-56.1,-12.9,-30,1.4,10.7,6,-254.3,108.8,-173.4,-11.7,191.2,22.9,-57.2,-12.3,-26.3,nan,nan,nan
2020-09-08,0,17.75,31.3,288,0,15.83,33.79,10.67,34.53,-253.9,174.8,-163.4,-122.6,-11.5,-37.3,-13.7,10.6,6.6,-254.4,167.7,-155.2,-191.2,191.2,29.7,-124.1,-8,-34.1,nan,nan,nan
2020-09-09,0,14.2,25.28,288,0,13.67,36.38,10.04,41.27,-253.9,143.4,-189.4,-77,-6.2,-32.9,-14.5,14.8,7.3,-254.3,161.7,-169.8,-127.6,191.2,11.7,-91.6,2.4,-30.4,nan,nan,nan
2020-09-10,0,11.44,21.67,210,0,12.71,36.33,13.36,44.98,-253.9,152.7,-42.2,-117.9,-22.3,-54.4,-13.9,10.2,1.9,-254.3,183.6,-27.2,-254.6,191.2,-146.7,-139.8,-15.6,-64.8,nan,nan,nan
2020-09-11,0,12.24,21.67,225,0,14.33,34.95,18.66,47.34,-253.9,158.5,-157.5,-131.1,24.5,-41.2,-18.8,15.5,2.9,-254.3,131.7,-163.3,-254.6,191.2,-252.3,-148.8,8.9,-44.2,nan,nan,nan
2020-09-12,0,10.76,19.26,267,0,14.78,37.14,10.46,48.58,-253.9,-253.8,-253.9,-32.2,-11.1,-27.8,0.9,8.7,6.1,-254.3,-254,-254.3,-254.5,191.2,-230.9,-25.3,-10.6,-19.7,nan,nan,nan
2020-09-13,0,17.23,32.51,174,0,19.29,36.28,12.62,44.53,-254,-253.8,-253.9,-32.9,-12,-28.9,3.5,11.9,6.1,-254.3,-254.1,-254.3,-254.5,191.2,-252.3,-24.6,-6.5,-19.8,nan,nan,nan
2020-09-14,0,15.2,30.1,143,0,19,32.79,26.14,52.6,-253.9,146.6,-151.9,-105.2,-3.8,-36.2,-13.8,15.4,3.7,-254.3,123.1,-138.1,-254.1,157.7,-103.4,-127.6,1.1,-36.4,nan,nan,nan
2020-09-15,0,15.74,27.69,283,0,16.49,33.6,23.01,51.41,-253.9,254.3,-152.9,-88.9,-16,-35.4,-13.3,11.2,4.3,-254.3,233.2,-143.1,-136.2,177.2,9.1,-101.1,-11.3,-32.7,nan,nan,nan
2020-09-16,0,13.32,28.9,283,0.2,14.05,33.5,20.92,51.07,-254,143.1,-147.9,-92,-9.6,-31.8,-11,11.2,5.1,-254.3,154.4,-138.9,-15.5,191.2,13.5,-96.6,-8.4,-32.4,nan,nan,nan
2020-09-17,0,18.73,38.53,217,1.2,16.61,31.78,19.45,50.84,-253.9,254.3,-122.5,-95.6,38.8,-25.5,-16.6,12.5,5,-254.3,253.7,-112.7,-14.2,151.2,3.8,-102.7,12.2,-28.3,nan,nan,nan
2020-09-18,0,19.04,39.73,93,5.8,15.27,28.45,28.49,54.26,-253.9,254.3,-99.4,-33.7,44.8,-10.5,1.7,15.2,6.4,-254.3,253.8,-99.3,-16.5,48.9,-5.8,-28.7,14.7,-13.4,nan,nan,nan
2020-09-19,0,16.54,32.51,160,7.8,18.25,25.09,47.29,55.94,-253.9,254.3,-245.8,-34.3,34.3,-30.1,0.7,8.6,3.2,-254.3,253.8,-245.5,-17.2,3.9,-13.7,-27.2,11.1,-23.9,nan,nan,nan
2020-09-20,0,10.55,20.47,270,0.8,16.87,29.43,37.91,56.25,-253.9,-253.8,-253.9,-34.6,-26.9,-31,1.5,14,7.7,-254.4,-254.2,-254.3,-17.2,0,-12.5,-26.8,-16,-22.7,nan,nan,nan
2020-09-21,0,8.62,16.85,270,0,16.18,31.64,26.06,53.78,-254,254.3,-169,-31.1,27.1,-12.7,10.1,23.8,14.9,-254.4,253.8,-159.6,-15.4,17.1,-6.7,-25.9,5.1,-13.7,nan,nan,nan
2020-09-22,0,12.38,20.47,302,0.4,15.42,32.81,25.23,52.61,-254,25.4,-170.6,-30.2,14.5,-15,12.4,23.4,16.5,-254.3,55.7,-131.1,-131.4,11.1,-4.9,-24.8,5.4,-14.4,nan,nan,nan
2020-09-23,0,12.37,26.49,277,9.8,18.1,28.46,39.2,56.93,-185.8,200.4,-114.5,-32.2,3,-20.3,12,23.8,15.5,-64,253.7,-16,-15.1,131.7,-7.8,-26.1,-1.4,-17.7,nan,nan,nan
2020-09-24,0,13.79,24.08,277,0.2,15.56,28.64,31.39,56.03,-192.1,-29.4,-139,-32.8,17.8,-18.9,13.5,32.2,18.6,-70.3,17.8,-43.2,-16,17.7,-6.1,-27.4,5.7,-17.2,nan,nan,nan
2020-09-25,0,20.13,36.12,284,0,13.43,25.05,23.04,50.46,-196.9,-19.6,-143.5,-31.3,34,-18.2,15.9,40.9,21.2,-69.5,27,-42.3,-15.3,26,-4.4,-26.7,25.4,-16.9,nan,nan,nan
2020-09-26,0,16.48,26.49,310,1.4,11.43,25.68,25.92,52.82,-199.1,-25.8,-177.7,-33.7,-0.4,-28,17.1,25.4,19.7,-74.7,9.1,-59,-14,4.9,-10.4,-28,-8.3,-22.6,nan,nan,nan
2020-09-27,0,15.84,28.9,225,1,13.41,26.85,33.3,55.18,-195.7,-145.1,-179.3,-36.3,-24.4,-31,14.8,20.2,17.3,-74.5,-51.9,-64,-16.3,-1.7,-13.1,-29.9,-15.4,-23.6,nan,nan,nan
2020-09-28,0,10.12,18.06,225,0.2,11.09,31.33,25.04,52.44,-197.4,-33.7,-138.2,-30.5,3.2,-19.6,16.8,26.3,20.4,-61.9,-0.7,-43.6,-14.8,129.7,-6.2,-27.4,3.8,-17.9,nan,nan,nan
2020-09-29,0,10.52,16.85,246,0.2,11.71,31.19,23.48,51.86,-196.3,17,-129,-31.9,16.1,-17.9,17.5,28.8,21.2,-75,24.1,-39.8,-14.9,132.6,-5.2,-28.6,11.8,-16.9,nan,nan,nan
2020-09-30,0,13.61,22.87,252,0,11.25,27.09,29.91,51.67,-194.9,-28.4,-137,-31.4,6.6,-18.4,18.2,28.5,21.4,-71.4,9,-40.2,-14.1,13.9,-5.8,-27.3,1.8,-17.5,nan,nan,nan
2020-10-01,0,12.31,22.87,97,0.8,15.3,26.76,27.69,52.68,-191.6,254.3,-95.9,-31.6,52.7,-14.8,18,31.6,21.8,-254.3,253.8,-64.3,-13.8,20.9,-4.9,-27.1,27,-16.8,nan,nan,nan
2020-10-02,0,23.92,45.75,246,5.2,12.66,21.33,31.1,55.14,-199.4,254.3,-28.1,-45.1,46.1,-9.5,10.4,30.7,20.6,-254.4,74.7,-154.9,-21.6,31.3,-4.8,-33.5,12.6,-16.9,nan,nan,nan
2020-10-03,0,13.05,24.08,213,1.6,9.99,26.5,35,54.94,-205.9,254.3,-81.2,-35,42.1,-21.2,17.4,29.8,21.2,-147.8,46.3,-123.4,-14.9,18.8,-8.3,-32.1,5.6,-21.4,nan,nan,nan
2020-10-04,0,16.59,33.71,271,1.6,12.12,24.23,36.11,55.53,-198.5,-155.9,-185.4,-34.5,-23.8,-29.8,17.7,23.4,20,-148.2,-146.3,-147,-15.9,-8,-12.3,-30,-16.7,-24.7,nan,nan,nan
2020-10-05,0,10.42,19.26,271,0.8,10.39,27.43,34.56,54.68,-204.3,-158.1,-188.6,-31.9,-27.2,-29.8,18,23.3,20,-147.8,-145.7,-146.7,-15.9,-9,-12.4,-28.9,-19.9,-25.6,nan,nan,nan
2020-10-06,0,10.7,20.47,121,0,17.6,28.68,40,56.23,-196,254.3,3.9,-32.9,36.9,-6.1,16.9,31.1,20.5,-149.4,69.7,-82.7,-16.1,54.9,-3.6,-33.2,7.4,-16,nan,nan,nan
2020-10-07,0,13.02,24.08,263,0.2,13.66,28.57,33.48,55.11,-202.5,254.3,7.2,-33.2,46.6,-3.2,15.7,32.7,21.9,-153.9,91.6,-75.7,-17.4,27.9,-5.4,-30.5,15.1,-13.5,nan,nan,nan
2020-10-08,0,9.95,18.06,263,0.2,12.31,29.52,35.61,54.55,-199.4,254.3,12.6,-31.7,54.6,-0.5,18.6,51.5,24.5,-152.8,251.7,-38.9,-15.7,31.6,-3.6,-28.9,23.2,-11.2,nan,nan,nan
2020-10-09,0,12.94,26.49,321,0,16.35,26.71,32.14,52.85,-195.3,254.3,-68.5,-31.9,47.2,-15,-99.4,30.5,-6.6,-146.1,114.7,-62.5,-14.8,138.2,-6.1,-28.1,15.8,-16.9,nan,nan,nan
2020-10-10,0,16.09,30.1,313,0,14.23,27.7,29.74,51.75,-194.4,254.3,-163.4,-33.4,4.9,-28.9,-36.4,0,-25.4,-18.1,-1.9,-16.4,-15.1,12.2,-11.5,-27.8,-10.3,-22.2,nan,nan,nan
2020-10-11,0,18.65,33.71,297,0,10.35,25.26,20.97,50.78,-197.2,-133.2,-176.2,-31.4,-22.3,-27.1,-36.6,-25.9,-33.9,-18.1,-11.2,-14.9,-14.4,-0.1,-10.1,-28.5,-11.8,-21.7,nan,nan,nan
2020-10-12,0,16.8,27.69,44,0,9.28,26.57,18.7,51.31,-202.1,254.3,4.3,-29.4,23.4,-8.9,-89.7,-5.3,-69.1,-16.8,4.6,-8.5,-12.4,25.8,0.5,-28.4,10.6,-13.6,nan,nan,nan
2020-10-13,0,16.75,27.69,305,0,13.94,24.29,34.73,51.9,-200.4,254.3,-24.5,-31.4,27.9,-14.2,-92.6,253.3,6,-16.2,3.5,-9.7,-14.8,19,-3.5,-28.3,7.6,-18,nan,nan,nan
2020-10-14,0,16.3,30.1,310,0,9.94,22.36,26.93,50.88,-208,254.3,-29.8,-31.4,44.3,-10.1,253.3,253.3,253.3,nan,nan,nan,-15.7,30.6,-1.6,-30,17.6,-16.4,nan,nan,nan
2020-10-15,0,14.85,26.49,275,0.2,9.46,23.44,24.29,51.22,-207.3,254.3,0.1,-30.5,41.9,-8.1,253.2,253.3,253.3,nan,nan,nan,-15.4,27.7,-1.2,-29.4,20.2,-15.6,nan,nan,nan
2020-10-16,0,9.22,16.85,48,0.2,6.71,25.57,20.19,49.29,-213.2,254.3,-24.3,-30.2,43.1,-9.5,253.2,253.3,253.3,nan,nan,nan,-15.9,52.7,-0.5,-38.7,19,-18.6,nan,nan,nan
2020-10-17,0,7.98,19.26,288,0.2,8.08,27.14,26.75,50.22,-207.1,254.3,-147.9,-42.2,18,-24.9,253.2,253.3,253.3,nan,nan,nan,-15,50.9,-8.4,-53.3,-7.9,-26.2,nan,nan,nan
2020-10-18,0,10.11,18.06,52,0.4,10.33,27.93,18.62,52.91,-208.9,-145,-188.3,-32.5,-22.3,-28.8,253.2,253.3,253.3,nan,nan,nan,-15.8,-6.9,-11.5,-32.8,-15.3,-26.4,nan,nan,nan
2020-10-19,0,26.7,46.96,197,1.4,14.2,25.42,31.67,54.89,-197.2,254.3,-12.3,-31.1,20.8,-13.3,253.3,253.3,253.3,nan,nan,nan,-14.1,32.9,-1.4,-30,-2.8,-21.6,nan,nan,nan
2020-10-20,0,15.24,26.49,45,16,16.95,18.52,55.34,57.86,-194.9,254.3,146.2,-38.5,9.6,-12,253.3,253.3,253.3,nan,nan,nan,-17.8,33.3,3.5,-46.7,-9.4,-22.1,nan,nan,nan
2020-10-21,0,16.1,33.71,174,1,12.07,23.13,40.14,57.13,-204.1,254.3,5,-39.2,17.3,-21.1,253.2,253.3,253.3,nan,nan,nan,-18.9,61.4,-2.3,-51.9,0.2,-23.1,nan,nan,nan
2020-10-22,0,12.37,20.47,105,1,11.33,24.99,37.07,56.41,-205.5,254.3,7.7,-40,13.4,-20.9,253.3,253.3,253.3,nan,nan,nan,-16.8,42.3,-1.1,-52.1,-2.5,-24.1,nan,nan,nan
2020-10-23,0,10.14,16.85,252,1.6,10.05,23.84,36.53,56.48,-208.6,254.3,-38.4,-47,20.1,-24.6,253.2,253.3,253.3,nan,nan,nan,-16.4,63,-0.4,-48.5,4.1,-26.8,nan,nan,nan
2020-10-24,0,15.97,28.9,252,0.2,9.12,22.65,38.94,54.85,-207.4,254.3,-159.9,-37,15.3,-30.8,253.3,253.3,253.3,nan,nan,nan,-15.8,40.9,-10.1,-45.6,-8.8,-26.9,nan,nan,nan
2020-10-25,0,27.29,71.03,155,7,11.48,22.1,36.59,55.77,-204.9,-163.8,-191.5,-40.2,-18.7,-34.8,253.3,253.3,253.3,nan,nan,nan,-18,0,-14.4,-33.3,-10.3,-27,nan,nan,nan
2020-10-26,0,12.17,20.47,237,0.8,8.5,21.72,34.49,55.12,-212.6,254.3,-0.5,-50,20.6,-19.1,253.2,253.3,253.3,nan,nan,nan,-16.9,58.5,-2.3,-51.9,0.6,-24.2,nan,nan,nan
2020-10-27,2.94,16.1,28.9,168,5.2,16.88,23.11,38.27,55.78,-197.6,254.3,91.3,-45.5,15.3,-12.4,253.3,253.3,253.3,nan,nan,nan,-16.6,38.3,1.4,-42.1,-3.9,-20.1,nan,nan,nan
2020-10-28,0,7.9,19.26,345,1.6,8.99,25.11,37.71,56.22,-209.3,254.3,-15.3,-45.5,7,-24.6,253.2,253.3,253.3,nan,nan,nan,-17.6,48.9,-4.5,-39.3,-7.8,-25.3,nan,nan,nan
2020-10-29,0,6.94,14.45,345,0.6,7.93,26.12,32.83,52.32,-213.3,254.3,-23.3,-52.1,17.9,-25.6,-254.1,253.3,119.6,nan,nan,nan,-16.4,58.1,1.8,-56.6,-5.4,-30.7,nan,nan,nan
2020-10-30,0,9.5,16.85,290,0.2,9.01,26.59,32.18,51.4,-166.9,254.3,-38.7,-51.2,-7.2,-37.1,-254.1,-254,-254.1,nan,nan,nan,-1,52.2,8.9,-50.8,-13.2,-37.5,nan,nan,nan
2020-10-31,0,8.48,16.85,81,0.4,10.83,26.06,35.75,52.32,-165.2,254.3,-67.9,-49.6,-1.7,-40.5,-254.1,-254,-254.1,nan,nan,nan,-3.5,28.7,4.2,-45.4,-18.3,-38.5,nan,nan,nan
2020-11-01,0,8.91,15.65,152,0.2,18.45,24.86,41.36,52.84,-154.6,-110.5,-147.1,-52.6,-45,-49.4,-254.1,-254,-254.1,nan,nan,nan,-1.2,9.7,0.5,-45.4,-38.7,-42.7,nan,nan,nan
2020-11-02,0,15.04,27.69,102,0.8,15.39,25.67,44.75,55.02,-167.7,254.3,-3.2,-52,-11.8,-38.7,-254.1,-254,-254.1,nan,nan,nan,-4.8,48.1,9.1,-45.1,-23,-38.3,nan,nan,nan
2020-11-03,2.69,20,32.51,316,0,10.85,18.81,35.85,48.85,-208.4,254.3,-9.9,-49.4,13.1,-25.6,-254.1,-254,-254.1,nan,nan,nan,-14.9,39,2,-45.9,-1,-28.1,nan,nan,nan
2020-11-04,0,26.77,45.75,277,0,6.65,17.22,27.7,49.05,-212.3,254.3,0.9,-52.4,15.3,-22,-254.1,-254,-254.1,nan,nan,nan,-15.5,43.2,3.8,-50.2,-4.4,-28.3,nan,nan,nan
2020-11-05,2.27,22.67,39.73,56,1.6,13.84,20.87,36.52,51.9,-199.2,254.3,28.6,-52.5,11.6,-27.1,-254.1,253.3,52.8,nan,nan,nan,-15.5,59.7,6.4,-52.2,-5.9,-32,nan,nan,nan
2020-11-06,2.3,19.66,33.71,107,12.8,15.45,18.7,39.18,55.16,-201.7,254.3,-16.1,-40.4,11.3,-25.6,253.3,253.3,253.3,nan,nan,nan,-17.1,42.7,-3.7,-58.7,-9.7,-27.1,nan,nan,nan
2020-11-07,1.96,14.19,32.51,115,3,13.93,23.25,40.92,54.62,-205.2,-153.9,-193.5,-41.5,-31.3,-38.7,253.3,253.3,253.3,nan,nan,nan,-17.6,-1.1,-15.5,-33.7,-19.3,-29.2,nan,nan,nan
2020-11-08,0,16.34,33.71,168,8.4,12.17,22.42,45.42,56.07,-206.8,-163.6,-192.8,-42.3,-30.2,-38.9,253.3,253.3,253.3,nan,nan,nan,-18.8,-1,-16,-33.7,-17.2,-28.7,nan,nan,nan
2020-11-09,0,9.71,18.06,270,4.2,11.22,24.68,45.34,55.61,-207.6,254.3,-15.6,-42.1,39.7,-16.7,253.2,253.3,253.3,nan,nan,nan,-17.8,38.7,-3.3,-33.5,15.3,-20.4,-254,253.7,-79.3
2020-11-10,0,5.28,9.63,53,0.2,10.04,22.61,43.85,55.1,-206.7,254.3,16.5,-46.2,34.1,-14.9,253.2,253.3,253.3,nan,nan,nan,-17.1,35.7,0.9,-46.3,9,-21.5,-254,118.3,-129.7
2020-11-11,0,11.68,20.47,303,0.4,8.88,24.44,34.95,54.72,-147.7,254.3,69.4,-47.7,20,-24.5,253.3,253.3,253.3,nan,nan,nan,-5.3,52.3,12.1,-46.3,2.4,-29.5,-254,-9,-164.1
2020-11-12,0,7.79,14.45,303,0.2,10.05,25.14,30.74,52.02,-152,254.3,16.3,-48.5,25.2,-22.9,253.3,253.3,253.3,nan,nan,nan,-7.4,28,5.2,-41.7,8.8,-25.5,-194.3,-16.2,-157.1
2020-11-13,0,9.5,18.06,79,0,10.94,24.54,31.26,52.47,-154.7,254.3,26.4,-47.3,27.8,-19.2,253.3,253.3,253.3,nan,nan,nan,-8.2,33.1,6.3,-39.6,10.8,-22,-196.8,-43.8,-153.5
2020-11-14,0,14,26.49,69,1.2,10.5,23.01,41.76,55.57,-155.2,254.3,-80.4,-49,16.6,-35,253.3,253.3,253.3,nan,nan,nan,-8.3,21.2,-2.6,-37.4,-0.4,-29.7,-205.3,-102.2,-183.4
2020-11-15,0,12.93,27.69,284,0.2,17.66,24.45,46.15,55.52,-157.2,-130.3,-149.3,-50,-39.8,-46.9,253.3,253.3,253.3,nan,nan,nan,-9,-3.5,-7.2,-37.3,-26.5,-34,-217.5,-193.2,-204.1
2020-11-16,0,4.69,10.84,318,0,8.87,20.69,38.82,54.59,-163.7,254.3,1.1,-49.7,24.1,-26.6,253.2,253.3,253.3,nan,nan,nan,-9,49.8,3.6,-40.5,6.8,-24.3,-236.7,-6.6,-163.8
2020-11-17,0,12.05,22.87,40,0.4,8.37,25.25,34.56,53.51,-151.2,254.3,10,-47.8,35.8,-18,253.2,253.3,253.3,nan,nan,nan,-7.3,37.2,5,-40.1,16.4,-21.3,-214.9,64.9,-118.7
2020-11-18,0,8.78,19.26,98,0.2,11.95,25.05,34.58,53.59,-150.1,254.3,39.1,-48.3,35.9,-14.7,253.3,253.3,253.3,nan,nan,nan,-7.5,29,6.7,-38.7,14.1,-18.2,-218.8,79.1,-103.6
2020-11-19,0,16.17,33.71,272,0,11.28,28.14,25.48,54.17,-155.2,254.3,17.9,-51.1,37.2,-17.5,253.2,253.3,253.3,nan,nan,nan,-9,32.3,5.5,-42.3,21.7,-18.8,-223.1,53.7,-123.4
2020-11-20,0,18.9,37.32,61,0.2,9.84,21.55,25.32,54.28,-162.8,254.3,10.4,-46.2,39.7,-16.1,253.2,253.3,253.3,nan,nan,nan,-7.9,28.7,5.8,-38.6,13.8,-19.2,-210.2,95.2,-113.9
2020-11-21,0,8.64,15.65,99,0,6.87,22.03,24.24,47.4,-155.6,254.3,-105.4,-45.4,34.5,-36.4,253.2,253.3,253.3,nan,nan,nan,-4.6,33.1,0.6,-39.5,1.8,-31.4,-202.5,147.9,-174.6
2020-11-22,0,5.65,10.84,99,0.4,6.22,23,28.82,50.57,-160.7,-95.6,-139.9,-49.5,-33.7,-42.7,253.3,253.3,253.3,nan,nan,nan,-4.7,3.9,-0.7,-44.9,-22.6,-36.8,-200.8,-181.8,-192.2
2020-11-23,0,6.25,10.84,278,0.4,6.14,21.98,29.19,50.94,-164.3,254.3,26.7,-48.8,37.3,-16.1,253.3,253.3,253.3,nan,nan,nan,-6.7,56.3,11.4,-46.8,6.8,-24.1,-205.1,92.8,-104.1
2020-11-24,0,13.28,25.28,269,1.8,7.36,21.03,34.63,53.04,-156.3,254.3,41.9,-48.9,34.2,-13.4,253.3,253.3,253.3,nan,nan,nan,-4.9,54.9,14,-42.2,8.6,-21.6,-201.4,124.8,-85.1
2020-11-25,0,9.29,20.47,285,18,12.17,15.45,51.43,55.13,-149.8,254.3,58.8,-50.6,42.4,-12.6,253.3,253.3,253.3,nan,nan,nan,-4.3,38.2,13.7,-42.5,12.9,-20.6,-201.1,130,-60.3
2020-11-26,0,15.7,26.49,6,0.2,9.76,19.16,38.28,54.18,-169.3,254.3,24.6,-49.1,33.6,-28.9,253.3,253.3,253.3,nan,nan,nan,-7.6,57.2,15.2,-41.7,4,-29,-195.2,86.6,-127.2
2020-11-27,0,12.05,21.67,282,0.2,6.85,19.19,36.52,52.03,-253.9,254.3,-147.9,-44.6,6.6,-32,253.3,253.3,253.3,nan,nan,nan,-9.7,60.6,9.2,-44.4,-8,-29.3,nan,nan,nan
2020-11-28,0,15.69,36.12,76,3.6,8.02,19.73,34.45,53.6,-254,77.4,-236,-42.5,-12.9,-36.4,253.3,253.3,253.3,nan,nan,nan,-9.5,49.5,-3,-36.4,-18,-29.9,nan,nan,nan
2020-11-29,0,10.72,25.28,109,1.6,8.58,18.87,36.37,54.07,-254,-253.9,-253.9,-44.2,-33.1,-39.5,253.3,253.3,253.3,nan,nan,nan,-9.1,-3.3,-6.9,-37.3,-23.4,-32,nan,nan,nan
2020-11-30,0,13.33,20.47,76,0.2,7.84,21.62,36.45,55.59,-254,50,-128.4,-66.7,50.9,-26.7,253.3,253.3,253.3,-148.8,140.7,-72.3,-13.1,108.3,11,-52.5,15.4,-25.5,nan,nan,nan
2020-12-01,0,11.27,19.26,285,0.2,6.14,21.4,29.22,50.32,-76.2,3.4,-34.5,-35.3,29.4,-25.6,253.3,253.3,253.3,-254.3,-22.6,-113.3,-36.8,38.2,-17.6,-32.5,17.9,-23.7,nan,nan,nan
2020-12-02,0,19.77,32.51,286,0.2,5.86,19.11,25.08,50.8,-43.9,14.9,-22.5,-34.6,85,5.4,253.3,253.3,253.3,-254.3,-0.9,-138.5,-38,121.2,18.1,-34,51.3,-9.2,nan,nan,nan
2020-12-03,0,19.69,44.55,100,3.2,4.43,18.21,28.92,51.58,-46.2,12.8,-23.8,-35.6,70.1,2.3,253.3,253.3,253.3,-254.3,4.3,-174.7,-35.4,100.5,10.8,-35.9,45.3,-11.3,nan,nan,nan
2020-12-04,0,22.9,59,232,18.8,7.69,14.04,39.09,52.73,-51.7,-15.2,-36.4,-39.3,62.9,-3.5,253.3,253.3,253.3,-86.2,-12.3,-59.4,-38.8,36.9,1.7,-35.5,24.1,-14.5,nan,nan,nan
2020-12-05,0,8.42,16.85,300,7.6,5.17,15.47,43.92,53.83,-51.9,-19.4,-40.4,-37.1,47.4,-29.6,253.3,253.3,253.3,-254.3,-20.9,-94.2,-16.6,25.6,-9.7,-36,12.1,-28.6,nan,nan,nan
2020-12-06,0,6.77,13.24,150,3.4,7.79,16.79,49,55.09,-49.6,-30,-41.1,-37.5,-32.8,-35.9,253.3,253.3,253.3,-82.5,-70.4,-77.2,-15.7,-10.1,-13.8,-35.5,-27.8,-32.9,nan,nan,nan
